-- Для Южной Империи подробно заполнен один клан с тремя поколениями,
-- демонстрирует, как устроены родословные и что потомки могут быть
-- уже в другом клане
-- Остальные кланы Южной Империи имеют по 1 клану и члену для консистентности
-- Остальные фракции здесь имеют по 1 клану по 1 члену в каждом для консистентности

begin;
set constraints all deferred;

insert into Clan (ClanId, ClanLordId, ClanName) values
    (1, 1, 'Avlonos'),
    (2, 6, 'Hongeros'),
    (3, 7, 'Julios'),
    (4, 8, 'Leonipardes'),
    (5, 9, 'Mestricaros'),
    (6, 10, 'Pethros'),
    (7, 11, 'Prienicos'),
    (8, 12, 'Vizartos'),
    (9, 13, 'Osticos'),
    (10, 14, 'Gundaroving'),
    (11, 15, 'Comnos'),
    (12, 16, 'fen Gruffendoc'),
    (13, 17, 'Urkhunait'),
    (14, 18, 'dey Meroc'),
    (15, 19, 'Banu Hulyan'),
    (16, 20, 'Minor');
    
insert into Lord (LordId, LordName, Gender, BirthDate, ClanId, MeleeSkill, RangedSkill, FatherId, MotherId) values
    (1, 'Serandon', false, '1023-02-01', 1, 90, 90, null, null),
    (2, 'Dorathila', true, '1045-07-26', 1, 70, 75, null, null),
    (3, 'Niphon', false, '1050-04-15', 1, 64, 85, 1, 5),
    (4, 'Areliana', true, '1070-07-28', 1, 40, 40, 3, null),
    (5, 'Megethia', true, '1028-12-05', 1, 30, 25, null, null),
    (6, 'Turiados', false, '1031-11-10', 2, 120, 100, null, null),
    (7, 'Baranor', false, '1032-05-12', 3, 95, 70, null, null),
    (8, 'Pharon', false, '1040-10-30', 4, 75, 70, null, null),
    (9, 'Oros', false, '1019-06-27', 5, 100, 140, null, null),
    (10, 'Rhagaea', true, '1021-04-13', 6, 85, 85, null, null),
    (11, 'Abalytos', false, '1041-07-24', 7, 75, 50, null, null),
    (12, 'Sichanis', false, '1033-03-31', 8, 100, 70, null, null),
    (13, 'Lucon', false, '1026-01-20', 9, 70, 110, null, null),
    (14, 'Raganvad', false, '1030-03-13', 10, 120, 120, null, null),
    (15, 'Garios', false, '1017-05-06', 11, 150, 150, null, null),
    (16, 'Caladog', false, '1023-09-19', 12, 90, 90, null, null),
    (17, 'Monchug', false, '1032-05-04', 13, 60, 140, null, null),
    (18, 'Derthert', false, '1022-01-03', 14, 125, 125, null, null),
    (19, 'Unqid', false, '1031-02-16', 15, 90, 120, null, null),
    (20, 'Player', true, '1052-06-24', 16, 70, 70, 1, 5);
    
insert into Attitude (SubjectId, ObjectId, AttitudeLevel) values
    (1, 2, -1),
    (2, 1, -19), 
    (1, 3, -31), 
    (3, 1, -23), 
    (1, 4, 90),  
    (4, 1, 73),  
    (1, 5, 24),  
    (5, 1, 23),  
    (1, 6, 38),  
    (6, 1, 49),  
    (1, 7, -42), 
    (7, 1, -58), 
    (1, 8, 0),   
    (8, 1, 10),  
    (1, 9, 10),  
    (9, 1, -3),  
    (1, 10, -58),
    (10, 1, -52),
    (1, 11, -65),
    (11, 1, -45),
    (1, 12, 88), 
    (12, 1, 99), 
    (1, 13, -49),
    (13, 1, -45),
    (1, 14, -63),
    (14, 1, -52),
    (1, 15, 97),
    (15, 1, 94),
    (1, 16, -15),
    (16, 1, -35),
    (1, 17, -56),
    (17, 1, -50),
    (1, 18, 71),
    (18, 1, 68),
    (1, 19, 75),
    (19, 1, 61),
    (1, 20, 94),
    (20, 1, 85),
    (2, 3, -93),
    (3, 2, -98),
    (2, 4, 63),
    (4, 2, 58),
    (2, 5, 56),
    (5, 2, 46),
    (2, 6, -82),
    (6, 2, -69),
    (2, 7, -75),
    (7, 2, -79),
    (2, 8, -35),
    (8, 2, -17),
    (2, 9, -50),
    (9, 2, -56),
    (2, 10, 11),
    (10, 2, 28),
    (2, 11, 58),
    (11, 2, 56),
    (2, 12, -9),
    (12, 2, 0),
    (2, 13, 89),
    (13, 2, 82),
    (2, 14, 73),
    (14, 2, 60),
    (2, 15, -98),
    (15, 2, -100),
    (2, 16, 56),
    (16, 2, 42),
    (2, 17, -29),
    (17, 2, -9),
    (2, 18, -39),
    (18, 2, -31),
    (2, 19, -28),
    (19, 2, -47),
    (2, 20, -50),
    (20, 2, -64),
    (3, 4, 46),
    (4, 3, 62),
    (3, 5, -35),
    (5, 3, -53),
    (3, 6, 89),
    (6, 3, 70),
    (3, 7, 58),
    (7, 3, 74),
    (3, 8, -90),
    (8, 3, -77),
    (3, 9, -14),
    (9, 3, -17),
    (3, 10, -52),
    (10, 3, -57),
    (3, 11, -36),
    (11, 3, -55),
    (3, 12, -47),
    (12, 3, -41),
    (3, 13, 44),
    (13, 3, 63),
    (3, 14, 97),
    (14, 3, 98),
    (3, 15, 33),
    (15, 3, 48),
    (3, 16, 20),
    (16, 3, 30),
    (3, 17, 15),
    (17, 3, 26),
    (3, 18, 43),
    (18, 3, 39),
    (3, 19, -83),
    (19, 3, -66),
    (3, 20, -69),
    (20, 3, -63),
    (4, 5, -25),
    (5, 4, -34),
    (4, 6, 58),
    (6, 4, 48),
    (4, 7, 28),
    (7, 4, 14),
    (4, 8, 65),
    (8, 4, 80),
    (4, 9, -91),
    (9, 4, -100),
    (4, 10, 86),
    (10, 4, 92),
    (4, 11, -45),
    (11, 4, -54),
    (4, 12, -46),
    (12, 4, -40),
    (4, 13, -64),
    (13, 4, -83),
    (4, 14, 76),
    (14, 4, 72),
    (4, 15, -54),
    (15, 4, -39),
    (4, 16, 3),
    (16, 4, -12),
    (4, 17, -57),
    (17, 4, -76),
    (4, 18, 91),
    (18, 4, 100),
    (4, 19, 37),
    (19, 4, 36),
    (4, 20, 83),
    (20, 4, 84),
    (5, 6, 92),
    (6, 5, 89),
    (5, 7, -41),
    (7, 5, -30),
    (5, 8, 95),
    (8, 5, 80),
    (5, 9, -25),
    (9, 5, -35),
    (5, 10, 44),
    (10, 5, 40),
    (5, 11, 11),
    (11, 5, 7),
    (5, 12, -10),
    (12, 5, -12),
    (5, 13, 27),
    (13, 5, 8),
    (5, 14, 88),
    (14, 5, 96),
    (5, 15, -33),
    (15, 5, -48),
    (5, 16, -28),
    (16, 5, -21),
    (5, 17, 23),
    (17, 5, 42),
    (5, 18, 48),
    (18, 5, 52),
    (5, 19, -85),
    (19, 5, -98),
    (5, 20, 2),
    (20, 5, 13),
    (6, 7, -80),
    (7, 6, -68),
    (6, 8, -76),
    (8, 6, -86),
    (6, 9, 5),
    (9, 6, 4),
    (6, 10, 2),
    (10, 6, 22),
    (6, 11, -61),
    (11, 6, -51),
    (6, 12, 90),
    (12, 6, 100),
    (6, 13, 78),
    (13, 6, 92),
    (6, 14, 68),
    (14, 6, 60),
    (6, 15, -83),
    (15, 6, -88),
    (6, 16, -12),
    (16, 6, -19),
    (6, 17, -32),
    (17, 6, -36),
    (6, 18, -9),
    (18, 6, -20),
    (6, 19, 69),
    (19, 6, 81),
    (6, 20, -97),
    (20, 6, -97),
    (7, 8, -76),
    (8, 7, -95),
    (7, 9, 48),
    (9, 7, 47),
    (7, 10, -17),
    (10, 7, -1),
    (7, 11, 49),
    (11, 7, 61),
    (7, 12, -70),
    (12, 7, -62),
    (7, 13, 88),
    (13, 7, 70),
    (7, 14, 63),
    (14, 7, 64),
    (7, 15, 37),
    (15, 7, 22),
    (7, 16, 14),
    (16, 7, -5),
    (7, 17, 78),
    (17, 7, 93),
    (7, 18, 86),
    (18, 7, 96),
    (7, 19, 26),
    (19, 7, 15),
    (7, 20, -38),
    (20, 7, -43),
    (8, 9, 34),
    (9, 8, 21),
    (8, 10, -36),
    (10, 8, -35),
    (8, 11, -21),
    (11, 8, -29),
    (8, 12, -60),
    (12, 8, -65),
    (8, 13, -74),
    (13, 8, -83),
    (8, 14, -47),
    (14, 8, -60),
    (8, 15, 37),
    (15, 8, 39),
    (8, 16, 25),
    (16, 8, 41),
    (8, 17, 84),
    (17, 8, 96),
    (8, 18, 2),
    (18, 8, -4),
    (8, 19, -65),
    (19, 8, -71),
    (8, 20, 75),
    (20, 8, 58),
    (9, 10, 70),
    (10, 9, 80),
    (9, 11, -92),
    (11, 9, -79),
    (9, 12, 19),
    (12, 9, 11),
    (9, 13, -14),
    (13, 9, -1),
    (9, 14, 19),
    (14, 9, 7),
    (9, 15, 98),
    (15, 9, 100),
    (9, 16, -96),
    (16, 9, -83),
    (9, 17, 77),
    (17, 9, 69),
    (9, 18, -2),
    (18, 9, 14),
    (9, 19, -98),
    (19, 9, -83),
    (9, 20, 3),
    (20, 9, 13),
    (10, 11, 86),
    (11, 10, 68),
    (10, 12, 8),
    (12, 10, -11),
    (10, 13, 45),
    (13, 10, 30),
    (10, 14, -61),
    (14, 10, -60),
    (10, 15, -43),
    (15, 10, -43),
    (10, 16, 40),
    (16, 10, 30),
    (10, 17, -10),
    (17, 10, 4),
    (10, 18, -24),
    (18, 10, -35),
    (10, 19, -75),
    (19, 10, -77),
    (10, 20, -62),
    (20, 10, -65),
    (11, 12, 23),
    (12, 11, 17),
    (11, 13, -22),
    (13, 11, -24),
    (11, 14, -50),
    (14, 11, -56),
    (11, 15, -52),
    (15, 11, -56),
    (11, 16, 89),
    (16, 11, 95),
    (11, 17, -84),
    (17, 11, -100),
    (11, 18, 22),
    (18, 11, 31),
    (11, 19, 29),
    (19, 11, 45),
    (11, 20, -60),
    (20, 11, -50),
    (12, 13, 78),
    (13, 12, 66),
    (12, 14, 98),
    (14, 12, 100),
    (12, 15, 57),
    (15, 12, 69),
    (12, 16, -25),
    (16, 12, -37),
    (12, 17, 37),
    (17, 12, 52),
    (12, 18, -36),
    (18, 12, -19),
    (12, 19, -67),
    (19, 12, -74),
    (12, 20, 56),
    (20, 12, 45),
    (13, 14, -41),
    (14, 13, -61),
    (13, 15, -39),
    (15, 13, -42),
    (13, 16, 85),
    (16, 13, 90),
    (13, 17, -36),
    (17, 13, -52),
    (13, 18, 29),
    (18, 13, 48),
    (13, 19, 95),
    (19, 13, 100),
    (13, 20, 80),
    (20, 13, 65),
    (14, 15, -16),
    (15, 14, -4),
    (14, 16, -65),
    (16, 14, -59),
    (14, 17, -41),
    (17, 14, -31),
    (14, 18, 80),
    (18, 14, 79),
    (14, 19, 68),
    (19, 14, 50),
    (14, 20, 98),
    (20, 14, 100),
    (15, 16, 4),
    (16, 15, 1),
    (15, 17, -37),
    (17, 15, -49),
    (15, 18, -31),
    (18, 15, -35),
    (15, 19, 9),
    (19, 15, -2),
    (15, 20, -42),
    (20, 15, -54),
    (16, 17, -15),
    (17, 16, -29),
    (16, 18, 85),
    (18, 16, 100),
    (16, 19, -86),
    (19, 16, -100),
    (16, 20, 8),
    (20, 16, -3),
    (17, 18, 70),
    (18, 17, 87),
    (17, 19, -55),
    (19, 17, -45),
    (17, 20, 56),
    (20, 17, 70),
    (18, 19, 48),
    (19, 18, 59),
    (18, 20, 81),
    (20, 18, 72),
    (19, 20, -64),
    (20, 19, -71);

insert into Castle (CastleId, LordId, CastleName, WallLevel) values
    (1, 10, 'Chanopsis Castle', 2),
    (2, 7, 'Corenia Castle', 1),
    (3, 12, 'Jogurys Castle', 1),
    (4, 9, 'Lavenia Castle', 3),
    (5, 1, 'Melion Castle', 1),
    (6, 11, 'Morenia Castle', 2),
    (7, 9, 'Odrysa Castle', 1),
    (8, 10, 'Sestadeim Castle', 1),
    (9, 13, 'Ataconia Castle', 2),
    (10, 14, 'Mazhadan Castle', 3),
    (11, 15, 'Thorios Castle', 2),
    (12, 16, 'Uthelaim Castle', 1),
    (13, 17, 'Kaysar Castle', 2),
    (14, 18, 'Talivel Castle', 3),
    (15, 19, 'Tamnuh Castle', 2);

insert into City (CityId, LordId, CityName, WallLevel, VolunteerRanged, VolunteerInfantry, VolunteerCavalry) values
    (1, 9, 'Danustica', 2, 4, 3, 5),
    (2, 10, 'Lycaron', 3, 0, 0, 1),
    (3, 10, 'Onira', 2, 3, 2, 4),
    (4, 12, 'Phycaon', 2, 1, 3, 2),
    (5, 8, 'Poros', 1, 4, 5, 4),
    (6, 7, 'Syronea', 2, 2, 3, 4),
    (7, 6, 'Vostrum', 3, 5, 8, 6),
    (8, 13, 'Epicrotea', 3, 4, 4, 4),
    (9, 14, 'Balgard', 3, 5, 5, 6),
    (10, 15, 'Jalmarys', 3, 4, 3, 4),
    (11, 16, 'Marunath', 3, 7, 4, 2),
    (12, 17, 'Makeb', 3, 6, 8, 1),
    (13, 18, 'Galend', 3, 3, 4, 7),
    (14, 19, 'Sanala', 3, 2, 9, 3);

insert into Nation (NationId, LeaderId, NationName, NationClanId) values
    (1, 10, 'Southern Empire', 1),
    (2, 13, 'Northern Empire', 9),
    (3, 14, 'Sturgia', 10),
    (4, 15, 'Western Empire', 11),
    (5, 16, 'Battania', 12),
    (6, 17, 'Khuzait', 13),
    (7, 18, 'Vlandia', 14),
    (8, 19, 'Aserai', 15);
    
insert into ClanNation (ClanId, NationId) values
    (1, 1),
    (2, 1),
    (3, 1),
    (4, 1),
    (5, 1),
    (6, 1),
    (7, 1),
    (8, 1),
    (9, 2),
    (10, 3),
    (11, 4),
    (12, 5),
    (13, 6),
    (14, 7),
    (15, 8);
    
insert into UnitsWithLord (SquadId, LordId, NationId, Count, Type, level) values
    (1, 1, 7, 17, 'r', 5),
    (2, 1, 7, 4, 'i', 5),  
    (3, 1, 2, 11, 'c', 4), 
    (4, 1, 5, 5, 'c', 5),  
    (5, 1, 7, 15, 'c', 5), 
    (6, 2, 1, 2, 'i', 3),  
    (7, 2, 3, 10, 'i', 2), 
    (8, 2, 6, 3, 'r', 3),  
    (9, 2, 8, 8, 'c', 3),  
    (10, 2, 8, 4, 'c', 6), 
    (11, 3, 2, 18, 'c', 3),
    (12, 3, 8, 8, 'i', 1), 
    (13, 3, 2, 13, 'i', 2),
    (14, 3, 8, 12, 'c', 4),
    (15, 3, 5, 1, 'r', 2), 
    (16, 4, 7, 11, 'i', 2),
    (17, 4, 2, 4, 'r', 5), 
    (18, 4, 3, 7, 'c', 2), 
    (19, 4, 8, 5, 'r', 6), 
    (20, 4, 4, 5, 'c', 5), 
    (21, 5, 8, 9, 'i', 3), 
    (22, 5, 8, 11, 'i', 6),
    (23, 5, 1, 12, 'i', 6),
    (24, 5, 5, 12, 'c', 2),
    (25, 5, 7, 16, 'c', 1),
    (26, 6, 7, 9, 'r', 1),
    (27, 6, 8, 8, 'i', 6),
    (28, 6, 7, 19, 'i', 3),
    (29, 6, 3, 9, 'i', 1),
    (30, 6, 7, 18, 'i', 1),
    (31, 7, 3, 13, 'r', 2),
    (32, 7, 5, 4, 'c', 5),
    (33, 7, 6, 8, 'i', 4),
    (34, 7, 2, 18, 'i', 3),
    (35, 7, 7, 15, 'r', 1),
    (36, 8, 7, 10, 'i', 6),
    (37, 8, 8, 1, 'i', 6),
    (38, 8, 2, 16, 'c', 2),
    (39, 8, 6, 14, 'i', 4),
    (40, 8, 6, 6, 'r', 4),
    (41, 9, 6, 9, 'c', 1),
    (42, 9, 7, 9, 'i', 3),
    (43, 9, 1, 15, 'r', 2),
    (44, 9, 7, 17, 'r', 3),
    (45, 9, 4, 11, 'r', 1),
    (46, 10, 3, 2, 'r', 1),
    (47, 10, 7, 5, 'i', 4),
    (48, 10, 2, 8, 'r', 6),
    (49, 10, 8, 20, 'c', 2),
    (50, 10, 2, 11, 'r', 6),
    (51, 11, 3, 15, 'c', 4),
    (52, 11, 2, 16, 'i', 3),
    (53, 11, 5, 15, 'c', 4),
    (54, 11, 3, 6, 'i', 3),
    (55, 11, 6, 15, 'c', 1),
    (56, 12, 7, 3, 'r', 6),
    (57, 12, 3, 12, 'r', 3),
    (58, 12, 3, 18, 'r', 4),
    (59, 12, 1, 13, 'i', 6),
    (60, 12, 4, 17, 'c', 2),
    (61, 13, 8, 11, 'i', 3),
    (62, 13, 6, 16, 'c', 2),
    (63, 13, 2, 12, 'i', 6),
    (64, 13, 4, 11, 'c', 4),
    (65, 13, 7, 15, 'c', 5),
    (66, 14, 4, 4, 'c', 3),
    (67, 14, 7, 4, 'c', 1),
    (68, 14, 2, 5, 'i', 1),
    (69, 14, 1, 3, 'r', 3),
    (70, 14, 5, 17, 'c', 4),
    (71, 15, 6, 14, 'i', 2),
    (72, 15, 5, 20, 'i', 3),
    (73, 15, 8, 18, 'c', 3),
    (74, 15, 1, 18, 'i', 6),
    (75, 15, 1, 1, 'r', 6),
    (76, 16, 6, 14, 'r', 4),
    (77, 16, 4, 18, 'c', 1),
    (78, 16, 8, 15, 'c', 4),
    (79, 16, 4, 2, 'r', 3),
    (80, 16, 7, 13, 'i', 6),
    (81, 17, 6, 5, 'r', 4),
    (82, 17, 2, 8, 'r', 3),
    (83, 17, 8, 19, 'c', 2),
    (84, 17, 2, 8, 'c', 5),
    (85, 17, 5, 13, 'c', 5),
    (86, 18, 2, 10, 'i', 4),
    (87, 18, 2, 17, 'c', 2),
    (88, 18, 8, 16, 'r', 3),
    (89, 18, 6, 1, 'i', 4),
    (90, 18, 1, 14, 'r', 2),
    (91, 19, 5, 2, 'i', 4),
    (92, 19, 4, 13, 'i', 5),
    (93, 19, 3, 20, 'c', 3),
    (94, 19, 2, 1, 'c', 6),
    (95, 19, 8, 18, 'i', 4),
    (96, 20, 3, 16, 'c', 4),
    (97, 20, 3, 19, 'r', 6),
    (98, 20, 1, 1, 'r', 6),
    (99, 20, 8, 14, 'c', 4),
    (100, 20, 4, 4, 'c', 2);
    
insert into UnitsInCastle (SquadId, CastleId, NationId, Count, Type, level) values
    (1, 1, 1, 10, 'i', 1),
    (2, 1, 8, 3, 'i', 6),  
    (3, 1, 8, 8, 'i', 4),  
    (4, 1, 5, 3, 'i', 3),  
    (5, 1, 6, 13, 'c', 1), 
    (6, 2, 2, 10, 'c', 2), 
    (7, 2, 6, 18, 'c', 6), 
    (8, 2, 1, 1, 'i', 3),  
    (9, 2, 6, 13, 'i', 4), 
    (10, 2, 8, 5, 'c', 5), 
    (11, 3, 1, 11, 'i', 2),
    (12, 3, 3, 11, 'i', 4),
    (13, 3, 2, 17, 'c', 2),
    (14, 3, 1, 8, 'i', 2), 
    (15, 3, 3, 18, 'c', 5),
    (16, 4, 4, 2, 'r', 4), 
    (17, 4, 2, 9, 'r', 4), 
    (18, 4, 1, 4, 'r', 2), 
    (19, 4, 6, 7, 'r', 6), 
    (20, 4, 3, 2, 'r', 2), 
    (21, 5, 8, 2, 'r', 1), 
    (22, 5, 4, 13, 'r', 2),
    (23, 5, 3, 10, 'i', 4),
    (24, 5, 2, 8, 'i', 2), 
    (25, 5, 1, 13, 'r', 5),
    (26, 6, 7, 1, 'r', 3),
    (27, 6, 4, 3, 'i', 6),
    (28, 6, 5, 2, 'i', 1),
    (29, 6, 2, 13, 'i', 5),
    (30, 6, 1, 17, 'c', 4),
    (31, 7, 5, 1, 'r', 3),
    (32, 7, 7, 4, 'c', 1),
    (33, 7, 3, 13, 'r', 4),
    (34, 7, 5, 10, 'c', 2),
    (35, 7, 4, 9, 'i', 4),
    (36, 8, 2, 14, 'r', 1),
    (37, 8, 2, 19, 'c', 5),
    (38, 8, 6, 14, 'i', 6),
    (39, 8, 2, 12, 'r', 5),
    (40, 8, 5, 16, 'c', 2),
    (41, 9, 4, 10, 'c', 2),
    (42, 9, 8, 2, 'i', 2),
    (43, 9, 6, 3, 'c', 2),
    (44, 9, 1, 17, 'c', 6),
    (45, 9, 5, 13, 'c', 2),
    (46, 10, 1, 6, 'r', 2),
    (47, 10, 2, 20, 'r', 6),
    (48, 10, 3, 13, 'r', 1),
    (49, 10, 1, 14, 'i', 2),
    (50, 10, 3, 4, 'c', 2),
    (51, 11, 5, 1, 'i', 1),
    (52, 11, 3, 13, 'i', 6),
    (53, 11, 3, 7, 'r', 2),
    (54, 11, 8, 5, 'i', 3),
    (55, 11, 1, 20, 'i', 3),
    (56, 12, 3, 2, 'i', 4),
    (57, 12, 5, 1, 'r', 6),
    (58, 12, 1, 7, 'i', 6),
    (59, 12, 6, 2, 'c', 2),
    (60, 12, 1, 7, 'i', 4),
    (61, 13, 5, 11, 'r', 3),
    (62, 13, 6, 19, 'i', 3),
    (63, 13, 4, 12, 'c', 6),
    (64, 13, 3, 20, 'c', 1),
    (65, 13, 8, 8, 'i', 5),
    (66, 14, 5, 4, 'i', 6),
    (67, 14, 2, 14, 'i', 4),
    (68, 14, 3, 16, 'i', 6),
    (69, 14, 5, 12, 'r', 6),
    (70, 14, 7, 18, 'c', 3),
    (71, 15, 6, 11, 'r', 5),
    (72, 15, 5, 7, 'i', 4),
    (73, 15, 6, 13, 'c', 4),
    (74, 15, 6, 16, 'c', 6),
    (75, 15, 5, 2, 'r', 1);
    
insert into UnitsInCity (SquadId, CityId, NationId, Count, Type, level) values
    (1, 1, 2, 2, 'i', 1),
    (2, 1, 2, 3, 'i', 2),  
    (3, 1, 8, 3, 'r', 4),  
    (4, 1, 4, 16, 'r', 4), 
    (5, 1, 8, 14, 'i', 4), 
    (6, 2, 2, 10, 'r', 1), 
    (7, 2, 3, 16, 'c', 4), 
    (8, 2, 7, 11, 'c', 1), 
    (9, 2, 5, 17, 'i', 6), 
    (10, 2, 8, 7, 'r', 2), 
    (11, 3, 7, 7, 'i', 2), 
    (12, 3, 3, 7, 'r', 2), 
    (13, 3, 3, 2, 'i', 6), 
    (14, 3, 2, 7, 'c', 5), 
    (15, 3, 2, 1, 'i', 6), 
    (16, 4, 5, 19, 'r', 5),
    (17, 4, 6, 1, 'c', 2), 
    (18, 4, 7, 14, 'c', 2),
    (19, 4, 4, 15, 'i', 4),
    (20, 4, 4, 6, 'c', 1), 
    (21, 5, 2, 15, 'r', 4),
    (22, 5, 2, 20, 'i', 2),
    (23, 5, 8, 8, 'i', 2), 
    (24, 5, 5, 15, 'i', 6),
    (25, 5, 6, 4, 'i', 5), 
    (26, 6, 5, 11, 'i', 5),
    (27, 6, 8, 5, 'c', 3),
    (28, 6, 2, 18, 'r', 1),
    (29, 6, 8, 19, 'r', 5),
    (30, 6, 5, 12, 'r', 4),
    (31, 7, 7, 12, 'r', 2),
    (32, 7, 7, 11, 'r', 6),
    (33, 7, 3, 15, 'r', 6),
    (34, 7, 8, 7, 'r', 3),
    (35, 7, 8, 7, 'r', 2),
    (36, 8, 6, 9, 'i', 4),
    (37, 8, 6, 14, 'r', 4),
    (38, 8, 5, 14, 'c', 1),
    (39, 8, 2, 16, 'c', 5),
    (40, 8, 8, 19, 'r', 5),
    (41, 9, 6, 12, 'c', 2),
    (42, 9, 8, 10, 'r', 4),
    (43, 9, 8, 15, 'r', 2),
    (44, 9, 8, 13, 'r', 3),
    (45, 9, 2, 3, 'c', 3),
    (46, 10, 7, 12, 'r', 3),
    (47, 10, 8, 5, 'c', 6),
    (48, 10, 2, 9, 'r', 5),
    (49, 10, 5, 16, 'i', 3),
    (50, 10, 2, 9, 'c', 6),
    (51, 11, 1, 16, 'c', 4),
    (52, 11, 4, 9, 'i', 4),
    (53, 11, 1, 14, 'c', 1),
    (54, 11, 4, 11, 'r', 1),
    (55, 11, 1, 3, 'c', 3),
    (56, 12, 7, 18, 'i', 6),
    (57, 12, 8, 1, 'r', 2),
    (58, 12, 1, 14, 'c', 5),
    (59, 12, 4, 12, 'r', 1),
    (60, 12, 7, 12, 'r', 3),
    (61, 13, 6, 12, 'c', 5),
    (62, 13, 5, 18, 'i', 4),
    (63, 13, 6, 14, 'r', 3),
    (64, 13, 7, 18, 'r', 3),
    (65, 13, 2, 16, 'c', 3),
    (66, 14, 7, 14, 'r', 5),
    (67, 14, 8, 12, 'i', 5),
    (68, 14, 1, 14, 'i', 2),
    (69, 14, 5, 4, 'r', 4),
    (70, 14, 4, 14, 'i', 4);
commit;